-- phpMyAdmin SQL Dump
-- version 4.9.5deb2
-- https://www.phpmyadmin.net/
--
-- Хост: localhost:3306
-- Время создания: Окт 13 2020 г., 12:30
-- Версия сервера: 8.0.21-0ubuntu0.20.04.4
-- Версия PHP: 7.4.3

SET SQL_MODE = "NO_AUTO_VALUE_ON_ZERO";
SET AUTOCOMMIT = 0;
START TRANSACTION;
SET time_zone = "+00:00";


/*!40101 SET @OLD_CHARACTER_SET_CLIENT=@@CHARACTER_SET_CLIENT */;
/*!40101 SET @OLD_CHARACTER_SET_RESULTS=@@CHARACTER_SET_RESULTS */;
/*!40101 SET @OLD_COLLATION_CONNECTION=@@COLLATION_CONNECTION */;
/*!40101 SET NAMES utf8mb4 */;

--
-- База данных: `60971vsv`
--

-- --------------------------------------------------------

--
-- Структура таблицы `film`
--

CREATE TABLE `film` (
  `id` int NOT NULL,
  `name` varchar(255) NOT NULL,
  `length` int NOT NULL
) ENGINE=InnoDB DEFAULT CHARSET=utf8mb4 COLLATE=utf8mb4_0900_ai_ci;

--
-- Дамп данных таблицы `film`
--

INSERT INTO `film` (`id`, `name`, `length`) VALUES
(1, 'Стрельцов', 108),
(2, 'Гудбай, Америка!', 107),
(3, 'Китобой', 100),
(4, 'Довод', 153),
(5, 'Семейка Бигфутов', 91),
(6, 'Мулан', 115),
(7, 'Капоне. Лицо со шрамом', 109),
(8, 'Честный вор', 104),
(9, 'Гномы в деле!', 83);

-- --------------------------------------------------------

--
-- Структура таблицы `hall`
--

CREATE TABLE `hall` (
  `id` int NOT NULL,
  `name` varchar(255) NOT NULL
) ENGINE=InnoDB DEFAULT CHARSET=utf8mb4 COLLATE=utf8mb4_0900_ai_ci;

--
-- Дамп данных таблицы `hall`
--

INSERT INTO `hall` (`id`, `name`) VALUES
(1, '1 зал'),
(2, '2 зал'),
(3, '3 зал'),
(4, '4 зал'),
(5, '5 зал'),
(6, '6 зал');

-- --------------------------------------------------------

--
-- Структура таблицы `place`
--

CREATE TABLE `place` (
  `id` int NOT NULL,
  `id_hall` int NOT NULL,
  `row` int NOT NULL,
  `number` int NOT NULL,
  `price_bracket` enum('Премиум','Классический','Бюджетный','') NOT NULL
) ENGINE=InnoDB DEFAULT CHARSET=utf8mb4 COLLATE=utf8mb4_0900_ai_ci;

--
-- Дамп данных таблицы `place`
--

INSERT INTO `place` (`id`, `id_hall`, `row`, `number`, `price_bracket`) VALUES
(1, 1, 1, 1, 'Бюджетный'),
(2, 1, 1, 2, 'Бюджетный'),
(3, 1, 1, 3, 'Бюджетный'),
(4, 1, 1, 4, 'Бюджетный'),
(5, 1, 1, 5, 'Бюджетный'),
(6, 1, 1, 6, 'Бюджетный'),
(7, 1, 1, 7, 'Бюджетный'),
(8, 1, 2, 1, 'Бюджетный'),
(9, 1, 2, 2, 'Бюджетный'),
(10, 1, 2, 3, 'Бюджетный'),
(11, 1, 2, 4, 'Бюджетный'),
(12, 1, 2, 5, 'Бюджетный'),
(13, 1, 2, 6, 'Бюджетный'),
(14, 1, 2, 7, 'Бюджетный'),
(15, 1, 3, 1, 'Бюджетный'),
(16, 1, 3, 2, 'Бюджетный'),
(17, 1, 3, 3, 'Бюджетный'),
(18, 1, 3, 4, 'Бюджетный'),
(19, 1, 3, 5, 'Бюджетный'),
(20, 1, 3, 6, 'Бюджетный'),
(21, 1, 3, 7, 'Бюджетный'),
(22, 1, 4, 1, 'Бюджетный'),
(23, 1, 4, 2, 'Бюджетный'),
(24, 1, 4, 3, 'Бюджетный'),
(25, 1, 4, 4, 'Бюджетный'),
(26, 1, 4, 5, 'Бюджетный'),
(27, 1, 4, 6, 'Бюджетный'),
(28, 1, 4, 7, 'Бюджетный'),
(29, 1, 5, 1, 'Бюджетный'),
(30, 1, 5, 2, 'Бюджетный'),
(31, 1, 5, 3, 'Бюджетный'),
(32, 1, 5, 4, 'Бюджетный'),
(33, 1, 5, 5, 'Бюджетный'),
(34, 1, 5, 6, 'Бюджетный'),
(35, 1, 5, 7, 'Бюджетный'),
(36, 1, 6, 1, 'Бюджетный'),
(37, 1, 6, 2, 'Бюджетный'),
(38, 1, 6, 3, 'Бюджетный'),
(39, 1, 6, 4, 'Бюджетный'),
(40, 1, 6, 5, 'Бюджетный'),
(41, 1, 6, 6, 'Бюджетный'),
(42, 1, 6, 7, 'Бюджетный'),
(43, 1, 7, 1, 'Бюджетный'),
(44, 1, 7, 2, 'Бюджетный'),
(45, 1, 7, 3, 'Бюджетный'),
(46, 1, 7, 4, 'Бюджетный'),
(47, 1, 7, 5, 'Бюджетный'),
(48, 1, 7, 6, 'Бюджетный'),
(49, 1, 7, 7, 'Бюджетный'),
(50, 1, 8, 1, 'Бюджетный'),
(51, 1, 8, 2, 'Бюджетный'),
(52, 1, 8, 3, 'Бюджетный'),
(53, 1, 8, 4, 'Бюджетный'),
(54, 1, 8, 5, 'Бюджетный'),
(55, 1, 8, 6, 'Бюджетный'),
(56, 1, 8, 7, 'Бюджетный'),
(57, 2, 1, 1, 'Бюджетный'),
(58, 2, 1, 2, 'Бюджетный'),
(59, 2, 1, 3, 'Бюджетный'),
(60, 2, 1, 4, 'Бюджетный'),
(61, 2, 1, 5, 'Бюджетный'),
(62, 2, 1, 6, 'Бюджетный'),
(63, 2, 1, 7, 'Бюджетный'),
(64, 2, 2, 1, 'Бюджетный'),
(65, 2, 2, 2, 'Бюджетный'),
(66, 2, 2, 3, 'Бюджетный'),
(67, 2, 2, 4, 'Бюджетный'),
(68, 2, 2, 5, 'Бюджетный'),
(69, 2, 2, 6, 'Бюджетный'),
(70, 2, 2, 7, 'Бюджетный'),
(71, 2, 3, 1, 'Бюджетный'),
(72, 2, 3, 2, 'Бюджетный'),
(73, 2, 3, 3, 'Бюджетный'),
(74, 2, 3, 4, 'Бюджетный'),
(75, 2, 3, 5, 'Бюджетный'),
(76, 2, 3, 6, 'Бюджетный'),
(77, 2, 3, 7, 'Бюджетный'),
(78, 2, 4, 1, 'Бюджетный'),
(79, 2, 4, 2, 'Бюджетный'),
(80, 2, 4, 3, 'Бюджетный'),
(81, 2, 4, 4, 'Бюджетный'),
(82, 2, 4, 5, 'Бюджетный'),
(83, 2, 4, 6, 'Бюджетный'),
(84, 2, 4, 7, 'Бюджетный'),
(85, 2, 5, 1, 'Бюджетный'),
(86, 2, 5, 2, 'Бюджетный'),
(87, 2, 5, 3, 'Бюджетный'),
(88, 2, 5, 4, 'Бюджетный'),
(89, 2, 5, 5, 'Бюджетный'),
(90, 2, 5, 6, 'Бюджетный'),
(91, 2, 5, 7, 'Бюджетный'),
(92, 2, 6, 1, 'Бюджетный'),
(93, 2, 6, 2, 'Бюджетный'),
(94, 2, 6, 3, 'Бюджетный'),
(95, 2, 6, 4, 'Бюджетный'),
(96, 2, 6, 5, 'Бюджетный'),
(97, 2, 6, 6, 'Бюджетный'),
(98, 2, 6, 7, 'Бюджетный'),
(99, 2, 7, 1, 'Бюджетный'),
(100, 2, 7, 2, 'Бюджетный'),
(101, 2, 7, 3, 'Бюджетный'),
(102, 2, 7, 4, 'Бюджетный'),
(103, 2, 7, 5, 'Бюджетный'),
(104, 2, 7, 6, 'Бюджетный'),
(105, 2, 7, 7, 'Бюджетный'),
(106, 3, 1, 1, 'Классический'),
(107, 3, 1, 2, 'Классический'),
(108, 3, 1, 3, 'Классический'),
(109, 3, 1, 4, 'Классический'),
(110, 3, 1, 5, 'Классический'),
(111, 3, 1, 6, 'Классический'),
(112, 3, 1, 7, 'Классический'),
(113, 3, 2, 1, 'Классический'),
(114, 3, 2, 2, 'Классический'),
(115, 3, 2, 3, 'Классический'),
(116, 3, 2, 4, 'Классический'),
(117, 3, 2, 5, 'Классический'),
(118, 3, 2, 6, 'Классический'),
(119, 3, 2, 7, 'Классический'),
(120, 3, 3, 1, 'Классический'),
(121, 3, 3, 2, 'Классический'),
(122, 3, 3, 3, 'Классический'),
(123, 3, 3, 4, 'Классический'),
(124, 3, 3, 5, 'Классический'),
(125, 3, 3, 6, 'Классический'),
(126, 3, 3, 7, 'Классический'),
(127, 3, 4, 1, 'Классический'),
(128, 3, 4, 2, 'Классический'),
(129, 3, 4, 3, 'Классический'),
(130, 3, 4, 4, 'Классический'),
(131, 3, 4, 5, 'Классический'),
(132, 3, 4, 6, 'Классический'),
(133, 3, 4, 7, 'Классический'),
(134, 3, 5, 1, 'Классический'),
(135, 3, 5, 2, 'Классический'),
(136, 3, 5, 3, 'Классический'),
(137, 3, 5, 4, 'Классический'),
(138, 3, 5, 5, 'Классический'),
(139, 3, 5, 6, 'Классический'),
(140, 3, 5, 7, 'Классический'),
(141, 3, 6, 1, 'Классический'),
(142, 3, 6, 2, 'Классический'),
(143, 3, 6, 3, 'Классический'),
(144, 3, 6, 4, 'Классический'),
(145, 3, 6, 5, 'Классический'),
(146, 3, 6, 6, 'Классический'),
(147, 3, 6, 7, 'Классический'),
(148, 3, 7, 1, 'Классический'),
(149, 3, 7, 2, 'Классический'),
(150, 3, 7, 3, 'Классический'),
(151, 3, 7, 4, 'Классический'),
(152, 3, 7, 5, 'Классический'),
(153, 3, 7, 6, 'Классический'),
(154, 3, 7, 7, 'Классический'),
(155, 3, 8, 1, 'Классический'),
(156, 3, 8, 2, 'Классический'),
(157, 3, 8, 3, 'Классический'),
(158, 3, 8, 4, 'Классический'),
(159, 3, 8, 5, 'Классический'),
(160, 3, 8, 6, 'Классический'),
(161, 3, 8, 7, 'Классический'),
(162, 3, 8, 8, 'Классический'),
(163, 4, 1, 1, 'Классический'),
(164, 4, 1, 2, 'Классический'),
(165, 4, 1, 3, 'Классический'),
(166, 4, 1, 4, 'Классический'),
(167, 4, 1, 5, 'Классический'),
(168, 4, 1, 6, 'Классический'),
(169, 4, 1, 7, 'Классический'),
(170, 4, 2, 1, 'Классический'),
(171, 4, 2, 2, 'Классический'),
(172, 4, 2, 3, 'Классический'),
(173, 4, 2, 4, 'Классический'),
(174, 4, 2, 5, 'Классический'),
(175, 4, 2, 6, 'Классический'),
(176, 4, 2, 7, 'Классический'),
(177, 4, 3, 1, 'Классический'),
(178, 4, 3, 2, 'Классический'),
(179, 4, 3, 3, 'Классический'),
(180, 4, 3, 4, 'Классический'),
(181, 4, 3, 5, 'Классический'),
(182, 4, 3, 6, 'Классический'),
(183, 4, 3, 7, 'Классический'),
(184, 4, 4, 1, 'Классический'),
(185, 4, 4, 2, 'Классический'),
(186, 4, 4, 3, 'Классический'),
(187, 4, 4, 4, 'Классический'),
(188, 4, 4, 5, 'Классический'),
(189, 4, 4, 6, 'Классический'),
(190, 4, 4, 7, 'Классический'),
(191, 4, 5, 1, 'Классический'),
(192, 4, 5, 2, 'Классический'),
(193, 4, 5, 3, 'Классический'),
(194, 4, 5, 4, 'Классический'),
(195, 4, 5, 5, 'Классический'),
(196, 4, 5, 6, 'Классический'),
(197, 4, 5, 7, 'Классический'),
(198, 4, 6, 1, 'Классический'),
(199, 4, 6, 2, 'Классический'),
(200, 4, 6, 3, 'Классический'),
(201, 4, 6, 4, 'Классический'),
(202, 4, 6, 5, 'Классический'),
(203, 4, 6, 6, 'Классический'),
(204, 4, 6, 7, 'Классический'),
(205, 4, 7, 1, 'Классический'),
(206, 4, 7, 2, 'Классический'),
(207, 4, 7, 3, 'Классический'),
(208, 4, 7, 4, 'Классический'),
(209, 4, 7, 5, 'Классический'),
(210, 4, 7, 6, 'Классический'),
(211, 4, 7, 7, 'Классический'),
(212, 4, 8, 1, 'Классический'),
(213, 4, 8, 2, 'Классический'),
(214, 4, 8, 3, 'Классический'),
(215, 4, 8, 4, 'Классический'),
(216, 4, 8, 5, 'Классический'),
(217, 4, 8, 6, 'Классический'),
(218, 4, 8, 7, 'Классический'),
(219, 4, 8, 8, 'Классический'),
(220, 5, 1, 1, 'Премиум'),
(221, 5, 1, 2, 'Премиум'),
(222, 5, 1, 3, 'Премиум'),
(223, 5, 1, 4, 'Премиум'),
(224, 5, 1, 5, 'Премиум'),
(225, 5, 1, 6, 'Премиум'),
(226, 5, 1, 7, 'Премиум'),
(227, 5, 2, 1, 'Премиум'),
(228, 5, 2, 2, 'Премиум'),
(229, 5, 2, 3, 'Премиум'),
(230, 5, 2, 4, 'Премиум'),
(231, 5, 2, 5, 'Премиум'),
(232, 5, 2, 6, 'Премиум'),
(233, 5, 2, 7, 'Премиум'),
(234, 5, 3, 1, 'Премиум'),
(235, 5, 3, 2, 'Премиум'),
(236, 5, 3, 3, 'Премиум'),
(237, 5, 3, 4, 'Премиум'),
(238, 5, 3, 5, 'Премиум'),
(239, 5, 3, 6, 'Премиум'),
(240, 5, 3, 7, 'Премиум'),
(241, 5, 4, 1, 'Премиум'),
(242, 5, 4, 2, 'Премиум'),
(243, 5, 4, 3, 'Премиум'),
(244, 5, 4, 4, 'Премиум'),
(245, 5, 4, 5, 'Премиум'),
(246, 5, 4, 6, 'Премиум'),
(247, 5, 4, 7, 'Премиум'),
(248, 5, 5, 1, 'Премиум'),
(249, 5, 5, 2, 'Премиум'),
(250, 5, 5, 3, 'Премиум'),
(251, 5, 5, 4, 'Премиум'),
(252, 5, 5, 5, 'Премиум'),
(253, 5, 5, 6, 'Премиум'),
(254, 5, 5, 7, 'Премиум'),
(255, 5, 6, 1, 'Премиум'),
(256, 5, 6, 2, 'Премиум'),
(257, 5, 6, 3, 'Премиум'),
(258, 5, 6, 4, 'Премиум'),
(259, 5, 6, 5, 'Премиум'),
(260, 5, 6, 6, 'Премиум'),
(261, 5, 6, 7, 'Премиум'),
(262, 5, 7, 1, 'Премиум'),
(263, 5, 7, 2, 'Премиум'),
(264, 5, 7, 3, 'Премиум'),
(265, 5, 7, 4, 'Премиум'),
(266, 5, 7, 5, 'Премиум'),
(267, 5, 7, 6, 'Премиум'),
(268, 5, 7, 7, 'Премиум'),
(269, 5, 8, 1, 'Премиум'),
(270, 5, 8, 2, 'Премиум'),
(271, 5, 8, 3, 'Премиум'),
(272, 5, 8, 4, 'Премиум'),
(273, 5, 8, 5, 'Премиум'),
(274, 5, 8, 6, 'Премиум'),
(275, 5, 8, 7, 'Премиум'),
(276, 5, 8, 8, 'Премиум'),
(277, 6, 1, 1, 'Премиум'),
(278, 6, 1, 2, 'Премиум'),
(279, 6, 1, 3, 'Премиум'),
(280, 6, 1, 4, 'Премиум'),
(281, 6, 1, 5, 'Премиум'),
(282, 6, 1, 6, 'Премиум'),
(283, 6, 1, 7, 'Премиум'),
(284, 6, 2, 1, 'Премиум'),
(285, 6, 2, 2, 'Премиум'),
(286, 6, 2, 3, 'Премиум'),
(287, 6, 2, 4, 'Премиум'),
(288, 6, 2, 5, 'Премиум'),
(289, 6, 2, 6, 'Премиум'),
(290, 6, 2, 7, 'Премиум'),
(291, 6, 3, 1, 'Премиум'),
(292, 6, 3, 2, 'Премиум'),
(293, 6, 3, 3, 'Премиум'),
(294, 6, 3, 4, 'Премиум'),
(295, 6, 3, 5, 'Премиум'),
(296, 6, 3, 6, 'Премиум'),
(297, 6, 3, 7, 'Премиум'),
(298, 6, 4, 1, 'Премиум'),
(299, 6, 4, 2, 'Премиум'),
(300, 6, 4, 3, 'Премиум'),
(301, 6, 4, 4, 'Премиум'),
(302, 6, 4, 5, 'Премиум'),
(303, 6, 4, 6, 'Премиум'),
(304, 6, 4, 7, 'Премиум'),
(305, 6, 5, 1, 'Премиум'),
(306, 6, 5, 2, 'Премиум'),
(307, 6, 5, 3, 'Премиум'),
(308, 6, 5, 4, 'Премиум'),
(309, 6, 5, 5, 'Премиум'),
(310, 6, 5, 6, 'Премиум'),
(311, 6, 5, 7, 'Премиум'),
(312, 6, 6, 1, 'Премиум'),
(313, 6, 6, 2, 'Премиум'),
(314, 6, 6, 3, 'Премиум'),
(315, 6, 6, 4, 'Премиум'),
(316, 6, 6, 5, 'Премиум'),
(317, 6, 6, 6, 'Премиум'),
(318, 6, 6, 7, 'Премиум'),
(319, 6, 7, 1, 'Премиум'),
(320, 6, 7, 2, 'Премиум'),
(321, 6, 7, 3, 'Премиум'),
(322, 6, 7, 4, 'Премиум'),
(323, 6, 7, 5, 'Премиум'),
(324, 6, 7, 6, 'Премиум'),
(325, 6, 7, 7, 'Премиум'),
(326, 6, 8, 1, 'Премиум'),
(327, 6, 8, 2, 'Премиум'),
(328, 6, 8, 3, 'Премиум'),
(329, 6, 8, 4, 'Премиум'),
(330, 6, 8, 5, 'Премиум'),
(331, 6, 8, 6, 'Премиум'),
(332, 6, 8, 7, 'Премиум'),
(333, 6, 8, 8, 'Премиум');

-- --------------------------------------------------------

--
-- Структура таблицы `price`
--

CREATE TABLE `price` (
  `id` int NOT NULL,
  `id_session` int NOT NULL,
  `price_bracket` enum('Премиум','Классический','Бюджетный','') NOT NULL,
  `price` int NOT NULL
) ENGINE=InnoDB DEFAULT CHARSET=utf8mb4 COLLATE=utf8mb4_0900_ai_ci;

--
-- Дамп данных таблицы `price`
--

INSERT INTO `price` (`id`, `id_session`, `price_bracket`, `price`) VALUES
(1, 2, 'Премиум', 600),
(2, 1, 'Классический', 250),
(3, 1, 'Классический', 250),
(4, 3, 'Бюджетный', 170),
(5, 6, 'Классический', 250),
(6, 4, 'Классический', 220);

-- --------------------------------------------------------

--
-- Структура таблицы `session`
--

CREATE TABLE `session` (
  `id` int NOT NULL,
  `id_hall` int NOT NULL,
  `id_film` int NOT NULL,
  `time` datetime NOT NULL
) ENGINE=InnoDB DEFAULT CHARSET=utf8mb4 COLLATE=utf8mb4_0900_ai_ci;

--
-- Дамп данных таблицы `session`
--

INSERT INTO `session` (`id`, `id_hall`, `id_film`, `time`) VALUES
(1, 6, 4, '2020-10-12 00:00:00'),
(2, 3, 6, '2020-10-12 16:00:00'),
(3, 5, 7, '2020-10-12 16:15:00'),
(4, 1, 8, '2020-10-12 22:00:00'),
(5, 3, 6, '2020-10-12 19:00:00'),
(6, 5, 3, '2020-10-13 16:00:00'),
(7, 5, 7, '2020-10-13 22:00:00'),
(8, 1, 5, '2020-10-13 12:00:00'),
(9, 3, 3, '2020-10-12 19:45:00'),
(10, 5, 9, '2020-10-13 14:00:00'),
(11, 4, 8, '2020-10-13 22:00:00');

-- --------------------------------------------------------

--
-- Структура таблицы `ticket`
--

CREATE TABLE `ticket` (
  `id` int NOT NULL,
  `id_session` int NOT NULL,
  `id_place` int NOT NULL,
  `client` varchar(255) NOT NULL
) ENGINE=InnoDB DEFAULT CHARSET=utf8mb4 COLLATE=utf8mb4_0900_ai_ci;

--
-- Дамп данных таблицы `ticket`
--

INSERT INTO `ticket` (`id`, `id_session`, `id_place`, `client`) VALUES
(1, 3, 253, 'Василенко С.В.'),
(2, 4, 232, 'Иванов И.И.'),
(3, 1, 243, 'Панков Д.В.'),
(4, 4, 146, 'Давыдов А.А.'),
(5, 6, 125, 'Данилова Г.А.'),
(6, 2, 129, 'Курова Д.А.'),
(7, 5, 156, 'Хомякова Е.Н.'),
(8, 6, 106, 'Горин Г.Г.'),
(9, 4, 6, 'Игнатьев Р.П.'),
(10, 8, 97, 'Скрипинский Б.А.'),
(11, 9, 73, 'Зубенко М.П.'),
(12, 11, 80, 'Терентьев М.П.'),
(13, 9, 274, 'Храмов Д.Д.');

--
-- Индексы сохранённых таблиц
--

--
-- Индексы таблицы `film`
--
ALTER TABLE `film`
  ADD PRIMARY KEY (`id`);

--
-- Индексы таблицы `hall`
--
ALTER TABLE `hall`
  ADD PRIMARY KEY (`id`);

--
-- Индексы таблицы `place`
--
ALTER TABLE `place`
  ADD PRIMARY KEY (`id`),
  ADD KEY `id_hall` (`id_hall`);

--
-- Индексы таблицы `price`
--
ALTER TABLE `price`
  ADD PRIMARY KEY (`id`),
  ADD KEY `id_session` (`id_session`);

--
-- Индексы таблицы `session`
--
ALTER TABLE `session`
  ADD PRIMARY KEY (`id`),
  ADD KEY `id_film` (`id_film`),
  ADD KEY `id_hall` (`id_hall`);

--
-- Индексы таблицы `ticket`
--
ALTER TABLE `ticket`
  ADD PRIMARY KEY (`id`),
  ADD KEY `id_place` (`id_place`),
  ADD KEY `id_session` (`id_session`);

--
-- AUTO_INCREMENT для сохранённых таблиц
--

--
-- AUTO_INCREMENT для таблицы `film`
--
ALTER TABLE `film`
  MODIFY `id` int NOT NULL AUTO_INCREMENT, AUTO_INCREMENT=19;

--
-- AUTO_INCREMENT для таблицы `hall`
--
ALTER TABLE `hall`
  MODIFY `id` int NOT NULL AUTO_INCREMENT, AUTO_INCREMENT=9;

--
-- AUTO_INCREMENT для таблицы `place`
--
ALTER TABLE `place`
  MODIFY `id` int NOT NULL AUTO_INCREMENT, AUTO_INCREMENT=334;

--
-- AUTO_INCREMENT для таблицы `price`
--
ALTER TABLE `price`
  MODIFY `id` int NOT NULL AUTO_INCREMENT, AUTO_INCREMENT=7;

--
-- AUTO_INCREMENT для таблицы `session`
--
ALTER TABLE `session`
  MODIFY `id` int NOT NULL AUTO_INCREMENT, AUTO_INCREMENT=12;

--
-- AUTO_INCREMENT для таблицы `ticket`
--
ALTER TABLE `ticket`
  MODIFY `id` int NOT NULL AUTO_INCREMENT, AUTO_INCREMENT=17;

--
-- Ограничения внешнего ключа сохраненных таблиц
--

--
-- Ограничения внешнего ключа таблицы `place`
--
ALTER TABLE `place`
  ADD CONSTRAINT `place_ibfk_1` FOREIGN KEY (`id_hall`) REFERENCES `hall` (`id`) ON DELETE RESTRICT ON UPDATE RESTRICT;

--
-- Ограничения внешнего ключа таблицы `price`
--
ALTER TABLE `price`
  ADD CONSTRAINT `price_ibfk_1` FOREIGN KEY (`id_session`) REFERENCES `session` (`id`) ON DELETE RESTRICT ON UPDATE RESTRICT;

--
-- Ограничения внешнего ключа таблицы `session`
--
ALTER TABLE `session`
  ADD CONSTRAINT `session_ibfk_1` FOREIGN KEY (`id_film`) REFERENCES `film` (`id`) ON DELETE RESTRICT ON UPDATE RESTRICT,
  ADD CONSTRAINT `session_ibfk_2` FOREIGN KEY (`id_hall`) REFERENCES `hall` (`id`) ON DELETE RESTRICT ON UPDATE RESTRICT;

--
-- Ограничения внешнего ключа таблицы `ticket`
--
ALTER TABLE `ticket`
  ADD CONSTRAINT `ticket_ibfk_1` FOREIGN KEY (`id_place`) REFERENCES `place` (`id`) ON DELETE RESTRICT ON UPDATE RESTRICT,
  ADD CONSTRAINT `ticket_ibfk_2` FOREIGN KEY (`id_session`) REFERENCES `session` (`id`) ON DELETE RESTRICT ON UPDATE RESTRICT;
COMMIT;

/*!40101 SET CHARACTER_SET_CLIENT=@OLD_CHARACTER_SET_CLIENT */;
/*!40101 SET CHARACTER_SET_RESULTS=@OLD_CHARACTER_SET_RESULTS */;
/*!40101 SET COLLATION_CONNECTION=@OLD_COLLATION_CONNECTION */;
